arquimedes,pconesa,7278
arquimedes,ldelcano,7254
arquimedes,yaiza,7299
arquimedes,gacaffe,7305
asimov,scipionweb,7273
asimov,coss,7204
asimov,roberto,7213
asimov,scipion,7271
asimov,carazo,7256
asimov,rmelero,7242
asimov,jsegura,7261
asimov,ldelcano,7254
asimov,rsanchez,7268
asimov,marta,7298
asimov,jamotga,7272
asimov,dmaluenda,7306
asimov-dos,scipion,7271
asimov-dos,roberto,7213
asimov-dos,joton,7245
asimov-dos,coss,7204
asimov-dos,rmelero,7242
asimov-dos,jsegura,7261
asimov-dos,ldelcano,7254
asimov-dos,marta,7298
carver,jsegura,7261
carver,mkazemi,7276
carver,pconesa,7278
carver,rmelero,7242
carver,yaiza,7299
carver,coss,7204
carver,jamotga,7272
carver,rsanchez,7268
carver,naharrosp,7302
carver,asanmartin,7303
carver,phorvath,7304
carver,erney,7283
carver,ajimenez,8336
carver,dmaluenda,7306
clark-cinco,sm,1000
clark-cinco,carmen,7214
clark-cinco,roberto,7213
clark-cinco,coss,7204
clark-cinco,appion,7272
clark-cinco,jsegura,7261
clark-cinco,carazo,7256
clark-cinco,merhernando,7274
clark-cinco,gncondezo,7275
clark-cinco,mpillana,7276
clark-cinco,daniel,1001
clark6,roberto,7213
clark6,carmen,7214
clark6,merhernando,7274
clark6,gncondezo,7275
clark6,mpillana,7276
clark6,scipion,7271
clark6,moshen,1005
clark6,tomo,1000
copernico,coss,7204
einstein-dos,rmelero,1001
einstein-dos,coss,7204
euler,coss,7204
faraday,coss,7204
finlay,acuervo,1000
heisenberg,twiki,7232
heisenberg,ajperez,7280
heisenberg,ana,7282
heisenberg,bengel,8308
heisenberg,carazo,7256
heisenberg,carmen,7214
heisenberg,cftornero,1176
heisenberg,coss,7204
heisenberg,curso,8304
heisenberg,dmitry,8302
heisenberg,epereiro,8307
heisenberg,franklab,8301
heisenberg,iarganda,7290
heisenberg,jalegrio,1177
heisenberg,jatherton,8327
heisenberg,jcanton,7274
heisenberg,jsegura,7261
heisenberg,johan,7221
heisenberg,josem,7246
heisenberg,ldelcano,7254
heisenberg,marta,7298
heisenberg,mazdak,8311
heisenberg,mkazemi,7276
heisenberg,mukleja,8306
heisenberg,ollorca,1175
heisenberg,pconesa,7278
heisenberg,pcossio,8312
heisenberg,polito,8328
heisenberg,rafa,7216
heisenberg,repo,1103
heisenberg,rmelero,7242
heisenberg,roberto,7213
heisenberg,rsanchez,7268
heisenberg,shabih,8303
heisenberg,srdja,2006
heisenberg,surf,8332
heisenberg,swt,8331
heisenberg,vilas,7269
heisenberg,xiaojiac,8329
heisenberg,xiaojunh,8330
heisenberg,yifan,8305
heisenberg,instruct,7275
heisenberg,rkoning,8310
heisenberg,efranken,8334
heisenberg,mingliang,8333
heisenberg,gacaffe,8335
heisenberg,ajimenez,8336
heisenberg,scipion,7271
heisenberg,yaiza,7299
hilbert,jmartinb,1001
hilbert,jrcaston,1002
hilbert,carmen,7214
hilbert,jmv,1004
hilbert,coss,7204
hilbert,jlcarrascosa,1008
hilbert,rsanchez,7268
hilbert,cryoem,7266
hilbert,bioinfo,7262
hilbert,roberto,7213
hilbert,mkazemi,7276
hilbert,rmelero,7242
hilbert,jamotga,7272
hilbert,vilas,7269
hilbert,erney,7283
hilbert,phorvath,7304
hilbert,ajimenez,8336
nolan,scipionweb,7273
nolan,mwsupload,1111
nolan,scipion,7271
nolan,coss,7204
nolan,johan,7221
nolan,roberto,7213
nolan,scipionbox,7297
nolan,pconesa,7278
peano,coss,7204
rinchen,scipion,7271
rinchen,vilas,7269
rinchen,coss,7204
rinchen,ajimenez,8336
rinchen,jamotga,7272
rinchen,erney,1001
rinchen-dos,coss,7204
rinchen-dos,vilas,7269
scipionbox,administrator,1000
scipionbox,scipionuser,1001
torvalds,joan,1000
torvalds,test,1001
torvalds,test-gpu,2001
torvalds,coss,7204
torvalds,coss-gpu,1004
torvalds,dmaluenda,7306
torvalds,dmaluenda-gpu,1002
torvalds,rmelero,7242
torvalds,rmelero-gpu,1003
torvalds,erney,7283
torvalds,erney-gpu,1005
torvalds,rsanchez,7268
torvalds,rsanchez-gpu,1006
torvalds,joan-gpu,1009
torvalds,phorvath,7304
torvalds,phorvath-gpu,1007
torvalds,yaiza,7299
torvalds,yaiza-gpu,1008
torvalds,dstrelak,7307
torvalds,dstrelak-gpu,1010
torvalds,yfonseca,7308
torvalds,yfonseca-gpu,1011
torvalds,ajimenez,8336
torvalds,ajimenez-gpu,1012
torvalds,jamotga,7272
torvalds,jamotga-gpu,1013
torvalds,ldelcano,7254
torvalds,ldelcano-gpu,1014
